{
  "corpus": "cpt_corpus.v3.jsonl",
  "total_docs": 42473,
  "kind": {
    "comment": 32410,
    "post": 10063
  },
  "length_bucket": {
    "sm": 22657,
    "md": 10555,
    "lg": 3565,
    "xl": 1238,
    "xs": 4400,
    "xxl": 58
  },
  "total_chars": 2243336,
  "char_length": {
    "avg": 52.817931391707674,
    "median": 35,
    "p90": 104
  },
  "domain_terms": {
    "쩜오": {
      "total_occ": 534,
      "doc_freq": 477,
      "doc_ratio": 0.01123066418665976
    },
    "텐카": {
      "total_occ": 697,
      "doc_freq": 574,
      "doc_ratio": 0.01351446801497422
    },
    "호빠": {
      "total_occ": 222,
      "doc_freq": 197,
      "doc_ratio": 0.004638240764721117
    },
    "도파민": {
      "total_occ": 921,
      "doc_freq": 862,
      "doc_ratio": 0.020295246391825394
    },
    "하이퍼": {
      "total_occ": 48,
      "doc_freq": 46,
      "doc_ratio": 0.001083040990747063
    },
    "퍼펙트": {
      "total_occ": 176,
      "doc_freq": 163,
      "doc_ratio": 0.003837732206342853
    },
    "마담": {
      "total_occ": 698,
      "doc_freq": 634,
      "doc_ratio": 0.014927130176818213
    },
    "TC": {
      "total_occ": 34,
      "doc_freq": 33,
      "doc_ratio": 0.0007769641890141973
    },
    "티씨": {
      "total_occ": 559,
      "doc_freq": 514,
      "doc_ratio": 0.012101805853130225
    },
    "빠꾸": {
      "total_occ": 12,
      "doc_freq": 11,
      "doc_ratio": 0.00025898806300473243
    },
    "밀빵": {
      "total_occ": 276,
      "doc_freq": 244,
      "doc_ratio": 0.005744826124832247
    },
    "풀묶": {
      "total_occ": 47,
      "doc_freq": 40,
      "doc_ratio": 0.0009417747745626633
    },
    "팁": {
      "total_occ": 658,
      "doc_freq": 597,
      "doc_ratio": 0.01405598851034775
    },
    "초이스": {
      "total_occ": 1291,
      "doc_freq": 1131,
      "doc_ratio": 0.026628681750759307
    },
    "케어": {
      "total_occ": 613,
      "doc_freq": 578,
      "doc_ratio": 0.013608645492430486
    },
    "갯수": {
      "total_occ": 711,
      "doc_freq": 671,
      "doc_ratio": 0.015798271843288678
    },
    "강남": {
      "total_occ": 1368,
      "doc_freq": 1164,
      "doc_ratio": 0.027405645939773505
    },
    "역삼": {
      "total_occ": 66,
      "doc_freq": 60,
      "doc_ratio": 0.001412662161843995
    },
    "선릉": {
      "total_occ": 62,
      "doc_freq": 61,
      "doc_ratio": 0.0014362065312080617
    },
    "논현": {
      "total_occ": 133,
      "doc_freq": 124,
      "doc_ratio": 0.0029195018011442565
    }
  },
  "slang": {
    "ㅋ_streak": 6354,
    "ㅠ_streak": 2773,
    "ㅎ_streak": 600,
    "ㅈㄴ_변형": 1591,
    "초성_general": 19255
  },
  "formal_docs": 2129,
  "informal_docs": 12070,
  "formal_ratio": 0.05012596237609775,
  "informal_ratio": 0.2841805382242837,
  "sentence_endings": {
    "lol": 1990,
    "question": 4178,
    "sad": 2243
  }
}