{
  "total_docs": 42473,
  "tone_dist": {
    "일상": 0.686012290160808,
    "유머": 0.19723118216278576,
    "감정적": 0.0637581522378923,
    "격식": 0.05299837543851388
  },
  "tone_count": {
    "일상": 29137,
    "유머": 8377,
    "감정적": 2708,
    "격식": 2251
  }
}