{
  "total_docs": 42473,
  "topic_doc_count": {
    "기타": 23204,
    "유머": 3327,
    "돈": 2886,
    "단골": 2882,
    "건강": 3275,
    "조언": 1973,
    "의상": 927,
    "팁": 2867,
    "심리": 1394,
    "가게_종류": 2692,
    "장소": 1607,
    "가족": 483,
    "케어": 875,
    "후기": 358,
    "출근": 1782,
    "마감": 818,
    "이직": 547,
    "갈등": 275,
    "연애": 691,
    "조회": 282
  },
  "topic_doc_ratio": {
    "기타": 0.546323546723801,
    "유머": 0.07833211687424953,
    "돈": 0.06794904998469616,
    "단골": 0.0678548725072399,
    "건강": 0.07710780966731806,
    "조언": 0.04645304075530337,
    "의상": 0.021825630400489723,
    "팁": 0.0675017069667789,
    "심리": 0.032820850893508814,
    "가게_종류": 0.06338144232806724,
    "장소": 0.037835801568055,
    "가족": 0.01137193040284416,
    "케어": 0.02060132319355826,
    "후기": 0.008428884232335837,
    "출근": 0.04195606620676665,
    "마감": 0.019259294139806465,
    "이직": 0.012878770042144421,
    "갈등": 0.006474701575118311,
    "연애": 0.01626915923057001,
    "조회": 0.006639512160666777
  }
}